"","x1","x2","x3","x4","x5","x6","x7","x8","x9","x10","x11","x12","x13","x14","x15","x16","x17","x18","x19","x20","r","depth"
"1",0.0568341988271274,0.0534476194139365,0.0485331427852725,0.0439792248740058,0.0411196421459327,0.0402605119818722,0.0389905635585869,0.038869307609116,0.0267304707782815,0.0178374889029842,0.0145632199569267,0.0135458137164084,0.0132265862424674,0.0136506046864617,0.0140964504807779,0.0305058312385547,0.225699152067622,0.141303641096377,0.00421452587393571,2.23849359555556e-06,0,0
"2",0.0165521584166216,0.014828159453823,0.0143124480870018,0.0124135948897798,0.0118315237951212,0.0108523578186053,0.0106277824926261,0.0111168896747941,0.00808177908155545,0.00529617388685963,0.00432008055709115,0.00383780291111479,0.00407016182355965,0.00374879302058474,0.00407217157442052,0.00892622302268221,0.0644023813954046,0.0406796809405122,0.0011010537708736,6.39569598730159e-07,0,0
"3",0.0737852774519273,0.0676646277151194,0.0618515773082536,0.0563263138051915,0.0521321960044828,0.0512420160556194,0.0498482663798491,0.0498166676301129,0.0343694837537303,0.0239745089841253,0.0197222163506906,0.0174356426737105,0.016799970291128,0.017423339916043,0.0176232261693449,0.0388454836571624,0.287248785187082,0.180927632649259,0.00527290846113874,2.87806319428571e-06,0,0
"4",0.0327556158571899,0.0305102657430225,0.0278436352427139,0.0256212614148496,0.0231315371651777,0.0223411998018633,0.0218495833971241,0.022323222130857,0.0159163981651724,0.0104314769162857,0.00868634812183865,0.00771259728783381,0.00773269603412212,0.00731576737863833,0.0075288939638738,0.0169408263220285,0.128022997689766,0.081380421032224,0.00255863659439367,1.27913919746032e-06,0,0
"5",0.0815219879904175,0.0749854707880818,0.0692007249416275,0.0627016625723864,0.0581375379832116,0.0563520782715793,0.0562384992109977,0.0553283186508066,0.0394706600884781,0.0257955382385692,0.0214038001968685,0.0194930087923962,0.0190729221356061,0.0192258015688998,0.0191565035692482,0.0432961789604613,0.321036774000054,0.204385103515739,0.00566838228917377,3.19784799365079e-06,0,0
"6",0.0328064261241423,0.0303293308126336,0.02715282899084,0.0256036955710269,0.0228686695545279,0.0220102667802607,0.0221958243381361,0.0224013167129335,0.0156839967421589,0.0106223185555103,0.00866588611211111,0.00769924602755359,0.00687426493194805,0.00767381464409996,0.00784607580928281,0.0172481851388437,0.128971808837095,0.0810464835355277,0.00250051162332929,1.27913919746032e-06,0,0
"7",0.0401469948179485,0.0383352213511932,0.0343266959209218,0.0309772470017044,0.0289961008481964,0.0282139562687544,0.0283369896810707,0.0280139784690572,0.0197118789159336,0.0131021701565992,0.0107190607856514,0.00997360200702449,0.00910427133693019,0.00994982912819481,0.00956329042649906,0.0213141769819493,0.161459043560651,0.101661928574128,0.00293595303740121,1.5989239968254e-06,0,0
"8",0.0492267507991412,0.0454564983128596,0.0416081964113456,0.0374294568894214,0.0348147502111581,0.033972111751742,0.0331276498637307,0.0332329143134685,0.0230306313459017,0.0160253392042037,0.0129396283857299,0.0121053514398985,0.0112946840258213,0.0115339472875479,0.0116439630380793,0.0254186536167119,0.194206917001896,0.121222968797915,0.00339632700335663,1.91870879619048e-06,0,0
"9",0.0403181439886894,0.0375214367419955,0.0354151202444723,0.0313188210864845,0.02899138858539,0.0280547518268827,0.0278112666927914,0.027586590739309,0.0193602596696234,0.0132374495039781,0.0106565717650802,0.00990584757644476,0.00953781758286964,0.00913953631959557,0.00981601646752085,0.0215594059582128,0.160688492574185,0.101666920982959,0.00321042712697761,1.5989239968254e-06,0,0
"10",0.0417981114497806,0.0380631399880161,0.0342430208366474,0.030914830746154,0.029584224354145,0.0281524801225154,0.0277044634269453,0.0279006000530773,0.0191440175210394,0.0129169542565109,0.0110723296523898,0.00968682586092566,0.00939956004494619,0.00926165757889258,0.01029753829431,0.0214701882845204,0.160028268102802,0.102582760693855,0.00312554601687577,1.5989239968254e-06,0,0
"11",0.0323455362348691,0.030073108467692,0.0275549413297682,0.0245960778016746,0.0236014202601372,0.0225189498224822,0.0216521347266861,0.0216637150789441,0.0154119077570028,0.0102440655427455,0.0085108825687817,0.0079471850899733,0.00708601761789083,0.00756825604925671,0.00778204204493507,0.0174951574835902,0.129040023219238,0.0800333841707162,0.00229253706244104,1.27913919746032e-06,0,0
"12",0.0734836719737677,0.0677522543652061,0.0619497984736905,0.05659440664915,0.0526711732120588,0.0507817119657305,0.0494199589482206,0.0488568655367505,0.0353729774978104,0.0232785576556932,0.018982396398278,0.0172605451628838,0.0165230918231033,0.0175359754923403,0.0182751903741481,0.0377357646504228,0.28938195402354,0.180989662327862,0.00525715793077849,2.87806319428571e-06,0,0
"13",0.0483583154520141,0.0458981278573398,0.0416630322958099,0.0377066517790274,0.035904188577079,0.0337290782438261,0.0323112717274436,0.0337594698185877,0.0233416583379654,0.0150532116796865,0.0134522346722762,0.0116671152644037,0.0112597683124456,0.0112259993973739,0.012104730516402,0.0249381737822864,0.195143509524318,0.12234348542121,0.00331563370347906,1.91870879619048e-06,0,0
"14",0.00786114021842898,0.00729029653104739,0.00709535137187489,0.00620231796603734,0.00590496962162463,0.00567679748341391,0.00564835439830238,0.00518847937972752,0.00397523789406505,0.00275867671799527,0.00189810152484446,0.00198382968484356,0.00207388008620503,0.00201708579218678,0.00178374153050791,0.00432098880514103,0.03180690507756,0.0202471992206216,0.000617750499356907,3.19784799365079e-07,0,0
"15",0.0492194472679764,0.0447100472912108,0.0412363086639362,0.0380759671480218,0.0354657359769663,0.0340136203894645,0.0333399656205323,0.0339239631335648,0.023419993189776,0.0155631067805031,0.0129988058239654,0.0114544729793178,0.0109760390057545,0.0116793021209261,0.011641964111067,0.0252889371349192,0.194193206802685,0.12061376860065,0.00330038314143852,1.91870879619048e-06,0,0
"16",0.00807969196312715,0.00739914868540404,0.00659812874155296,0.00620564930828609,0.00588757536681182,0.00550229443880639,0.00543875441815729,0.0057814949285994,0.00407483701140348,0.00241878429223164,0.00207982735204891,0.00197524585977125,0.00180935176879711,0.00188001840205344,0.00186121189161252,0.00403842723116789,0.0325811006806795,0.0202603905687899,0.000609773061731448,3.19784799365079e-07,0,0
"17",0.0329555829778678,0.0293044992171476,0.0277831337380764,0.0253584575142502,0.0233520802690591,0.0225439191456446,0.0220012010030945,0.0221907291466678,0.0157672870220666,0.00994144423438133,0.00861539207705125,0.00840390857140186,0.00787525060931809,0.0076624391173463,0.00783833392008488,0.0174642917261174,0.1274333369139,0.0807283611082274,0.00244898947821157,1.27913919746032e-06,0,0
"18",0.0657507349220411,0.0610792202952449,0.0546235700292589,0.0493862858931912,0.0470515021355718,0.0447260681368934,0.0443963147670427,0.0446074603743311,0.031517973782875,0.0210733677808582,0.0176723793328851,0.0150349576530065,0.0147903521134542,0.0155194187645035,0.0161106914740148,0.0342930711454692,0.257522080895672,0.162233683696538,0.00468287056809558,2.55827839492063e-06,0,0
"19",0.0828561398929767,0.0751493429696628,0.0691103065088374,0.0624992667138778,0.0583379420461639,0.0570741705466231,0.0549834992527756,0.055412253925433,0.038400020832951,0.0257200408182478,0.0220612821316877,0.019363836382454,0.0192836904217725,0.0193106908012609,0.019730165130188,0.0423055468198828,0.32344849193209,0.200621335401695,0.00581957256063976,3.19784799365079e-06,0,0
"20",0.0570774052064952,0.0535141726472521,0.0479992578589036,0.0436595680086721,0.0404729221166178,0.0398004060679873,0.0384286341411962,0.0386180772889971,0.0270932011942526,0.0183029328971024,0.0152865599588502,0.0136304500729831,0.0128040712732966,0.0134499635980315,0.0139306239393638,0.0298344088663819,0.226556035139245,0.141613554854637,0.00401479308113639,2.23849359555556e-06,0,0
"21",0.0482596208201311,0.046070735315406,0.0426031021682236,0.0378767196049093,0.0347096911292536,0.0337398582267242,0.0328193465926627,0.0334298352308217,0.0239549228978116,0.0153347595435031,0.0132490213227984,0.0116203162493227,0.0113873530491816,0.0114464381795704,0.0120956614168611,0.0258009851119042,0.193537848938003,0.122223388299573,0.00345139528466674,1.91870879619048e-06,0,0
"22",0.0656801894009792,0.0585983796675957,0.0548414293328575,0.0505897699919658,0.0465302991731284,0.0449109902889763,0.0442563342515577,0.0454353256090291,0.0313357534937996,0.0203724316511151,0.0175579450950121,0.0155299607754005,0.0149296955609921,0.0155319787632326,0.0156330506635634,0.033637969180173,0.256151935436032,0.161506452880933,0.00469213843352586,2.55827839492063e-06,0,0
"23",0.0323227139262767,0.029707706365256,0.0268961996058883,0.025056800719574,0.0232749492579434,0.0225929490206704,0.0218602913533444,0.0226561857239261,0.0153067029760191,0.010456580924795,0.00879928246702986,0.00757444780079149,0.0072374555920856,0.0079463034758408,0.00781101689694185,0.0173678800918427,0.129144628591813,0.0809790765575513,0.00229048384314933,1.27913919746032e-06,0,0
"24",0.0325574858457173,0.0300048059933094,0.0273142743796234,0.0252825366325302,0.0234201280121165,0.0215894875422344,0.0216881168586859,0.0217767323703244,0.015361724911405,0.0105223995449954,0.00866452133285631,0.00755811641730238,0.00764089795423001,0.00756798261610364,0.00812757518285804,0.0165915376587542,0.127702671660838,0.0806159879145881,0.00254491138257835,1.27913919746032e-06,0,0
"25",0.0811142208756108,0.0759191595969037,0.0696307045002688,0.0626406522820376,0.0590164290246104,0.0565557810808435,0.0548253990874231,0.0564406784501049,0.0389291895479155,0.0256506840317352,0.0215488733770708,0.019516169172019,0.0191478756936662,0.0191608001728481,0.0200129791873936,0.0443830452833443,0.321900884835041,0.202663083708719,0.00613182929337857,3.19784799365079e-06,0,0
"26",0.0408385591927753,0.0368073038885953,0.0351537900722282,0.0306657242241976,0.0295732325589228,0.0276983502091971,0.0277499419081338,0.0282250923437236,0.0194137071109698,0.0130167584289677,0.0109592816506654,0.00961010475285388,0.00965939853660351,0.00999649976504267,0.00988417197266605,0.0216700568505994,0.159955926709705,0.102095220837608,0.00287593926600086,1.5989239968254e-06,0,0
"27",0.0649425317349146,0.0607502412377767,0.055147234885933,0.0493482444179981,0.0468180595018661,0.0441564660454155,0.0440748191289424,0.044121905987839,0.0315258612864924,0.020743036750939,0.0169577887702901,0.0151781856032537,0.0149203077063547,0.0148557940828068,0.0156936120882463,0.0338626286101964,0.257249942854199,0.162969523150505,0.00469886917334137,2.55827839492063e-06,0,0
"28",0.0244469672156496,0.0224479503607111,0.0205689089333358,0.0187786238474809,0.0176883022868968,0.0166190422143822,0.0166239236176403,0.016933995096234,0.0120055501681427,0.00744068383268737,0.00647636816187505,0.00582864403741994,0.00548190326426779,0.0056613719340912,0.00598048380149089,0.0126479270554089,0.0954580173086724,0.0606169459572874,0.00177154864147215,9.59354398095238e-07,0,0
"29",0.0735789385679654,0.0673800199789362,0.0621186458321911,0.0556531669286542,0.0525154868078861,0.0507941696653585,0.0501106457177763,0.0506684656074093,0.0347896809864995,0.0240019002178605,0.0189813322676467,0.0175494004171537,0.0173058633903648,0.0169815662745217,0.0182770256410449,0.0375543575599512,0.288933744040158,0.180311464227205,0.00498257974513463,2.87806319428571e-06,0,0
"30",0.0649098574074505,0.0611396440960309,0.0558449210680631,0.0495410631737503,0.046305871073854,0.0454870990369293,0.0440282204177436,0.0444567517276881,0.0308292771117531,0.0210131136805975,0.0175733704405605,0.0152715421550875,0.0152545565305816,0.015050341212754,0.0158573589897858,0.0340853323557683,0.256642787574799,0.160581991582223,0.00459460139992583,2.55827839492063e-06,0,0
"31",0.0408318502948123,0.037388304656767,0.0346570155926994,0.0302370808776344,0.0297489265794852,0.0281929317671594,0.0269709735860601,0.0279583307564509,0.0191112234858309,0.0125508197038928,0.0103403385760488,0.00937006550216918,0.00899163965598516,0.00965572593735104,0.010262795013973,0.021420425932056,0.160827574394726,0.10092473717288,0.00293566660439097,1.5989239968254e-06,0,0
"32",0.0571123171740984,0.052731369036939,0.0478848417480414,0.0434362827039127,0.040500510538192,0.0385030819281815,0.0387024990309286,0.0387407242736498,0.0269867988941788,0.0180818018576547,0.0154555649691649,0.0140992475992564,0.0124029395055411,0.0135153725476764,0.0138251591078699,0.0290476875438283,0.225321959257189,0.142358150745545,0.00392625312185946,2.23849359555556e-06,0,0
"33",0.0816020414674871,0.0760732280325622,0.0689409971195408,0.0611127395153834,0.0578143476342155,0.0567637459201424,0.0546352469555527,0.0557877344680277,0.0386768132516882,0.0253474152693578,0.0216609663919084,0.0195018702471229,0.0186102101769958,0.0197726605101324,0.0196372985182125,0.0429291547823267,0.320281806488753,0.202419974289874,0.00575118471292631,3.19784799365079e-06,0,0
"34",0.0328911543544139,0.0304085315944184,0.0274483610180566,0.0243092734649871,0.0239853569967277,0.0227391855759652,0.0218606828578227,0.0216301483665732,0.0156716240517138,0.01012208069053,0.00888278824020405,0.007893332924911,0.00760010552695255,0.00759427640011775,0.00834495985276683,0.0171820179462756,0.127428031692534,0.0797051872308519,0.00237918840014392,1.27913919746032e-06,0,0
"35",0.0648811732246853,0.060370295076573,0.0549048294964504,0.050376101366805,0.0465371505600394,0.0443010789160266,0.0438467837137434,0.0450743977600322,0.0310691203612321,0.0210547225807239,0.0174622543799945,0.0150749487126512,0.0148508389011275,0.0154017092222544,0.0158278303539028,0.0341382867496253,0.258692145644679,0.160973118305568,0.00453342150631919,2.55827839492063e-06,0,0
"36",0.016521214389985,0.0151541715038632,0.0140449290439454,0.0126061813690297,0.0115592013581666,0.0114829708005538,0.0111097092741896,0.0112812974612968,0.00769289196739853,0.00515643814510256,0.00432868448305666,0.00371115779883791,0.0036758539268167,0.00364992133821159,0.00384517960666594,0.00837726590992176,0.0636940482533267,0.0406484192312034,0.00118652064665108,6.39569598730159e-07,0,0
"37",0.0579882255006548,0.052726630991324,0.0485181098469797,0.0435184541927143,0.0412156928028153,0.0389060365037991,0.0386381294393306,0.0381254095920909,0.0271771127714086,0.0184531044229536,0.0148080064619168,0.0141164416280093,0.0135054082937527,0.0132838448643204,0.0139125659584764,0.0296293528719654,0.226014796828056,0.14167380078356,0.00411165381457832,2.23849359555556e-06,0,0
"38",0.0161250823244921,0.0150068998823852,0.0136967365649947,0.0121605813377523,0.0121980174000209,0.0116033093676519,0.011037093533686,0.0112338715173217,0.00755699726232009,0.005332056859137,0.0046016958743156,0.00394491335478154,0.00382858244515505,0.00372491072002354,0.00387369069011942,0.00845983029482842,0.0640669095808329,0.040822462052613,0.00110323082378877,6.39569598730159e-07,0,0
"39",0.0827557486939246,0.0747522285691516,0.069630402487777,0.063172994248486,0.0584199369036271,0.0561079601272767,0.0557665441044811,0.0560104470052207,0.038365045519689,0.0267997791347436,0.0217347371911058,0.0196551437910871,0.0190432627325366,0.019635014674887,0.0201746191696252,0.0429700174930603,0.318529597794312,0.200874933205956,0.00587225631457985,3.19784799365079e-06,0,0
"40",0.0493064194533431,0.0454495144208603,0.0414830634950554,0.0379404629000002,0.0346622094035838,0.0340624433945748,0.0331130689870252,0.03414545767266,0.0237562441193325,0.0160904226825424,0.012808682047807,0.0117135886566147,0.0109633721772411,0.0114564671655235,0.0116989280760275,0.0253978546594238,0.192701837169063,0.120748575183686,0.00338743817508481,1.91870879619048e-06,0,0
"41",0.0404760949650025,0.0383782818165985,0.0341357293694732,0.0307471001805097,0.029255302496624,0.0283207149617825,0.0276934944746055,0.0279535284526974,0.0196816252348548,0.0129408025384772,0.0105656692465337,0.00952849156268125,0.00942598321366695,0.00954906460664821,0.00977561711593139,0.0214181053990751,0.160308998052813,0.102051125072963,0.00325279229555944,1.5989239968254e-06,0,0
"42",0.0157624743199049,0.0148938700434195,0.0136886357271232,0.012057186844684,0.011258792781527,0.0113454334027463,0.0108003185863609,0.0112956946652931,0.00796840804716568,0.0052735690543045,0.00433379630712174,0.00386826337947938,0.00371155606316642,0.00387120201819405,0.00394450380182465,0.00846156876427964,0.0637389683477206,0.0403640962263538,0.0010075303065934,6.39569598730159e-07,0,0
"43",0.0081301551832038,0.00775867524258936,0.00714985208311559,0.00628479138828569,0.00597232935013233,0.00550490823398644,0.00554424984848403,0.00565571174185274,0.0038607714673668,0.00281565446576847,0.00217323087977575,0.00188195988247389,0.00180959914927231,0.0019037764677812,0.00201633391247134,0.0042660458329605,0.0317475110418825,0.0201443873636064,0.000570494110260975,3.19784799365079e-07,0,0
"44",0.0664954359876437,0.0594099929493965,0.0561487476002584,0.0494761420556996,0.0476260659651405,0.0449709059459586,0.0437995904958293,0.0448712158145836,0.0315930563285253,0.0208473588318207,0.0175371620762532,0.0154888172296316,0.0151393849831529,0.0149156879703006,0.0152517539159457,0.0346083796652451,0.257624322040953,0.160339789420067,0.00490629291880897,2.55827839492063e-06,0,0
"45",0.0240260868699221,0.0224489134597846,0.0200814130814363,0.017939507851309,0.0178351764157782,0.0164240104705247,0.016494493570774,0.01681118238933,0.0116076949877707,0.00788882765903951,0.00660321559605351,0.00622675505086666,0.00549181126397945,0.00577422692244275,0.0058610916129375,0.0124341742535057,0.0967214300949722,0.0601918685732843,0.00169627527845289,9.59354398095238e-07,0,0
"46",0.0242958581047725,0.0231177195797786,0.0209501862894685,0.018958966116364,0.0173915039428571,0.0167232835837879,0.0164614231089189,0.0166294404511969,0.0114796178246203,0.00772292323509753,0.0068465455557011,0.00577564731562349,0.00568552113377924,0.00572820472455899,0.00585282570154355,0.0125630877751903,0.0965818475006921,0.0609431179664681,0.00166059072669397,9.59354398095238e-07,0,0
"47",0.0656984530489565,0.0604073490293294,0.055188001143017,0.0508112773467196,0.045808629096746,0.0448955390654493,0.0437399553882341,0.0442370355255539,0.0316805787741116,0.0211718550622078,0.0172103308126001,0.0152686680628246,0.0143857470753977,0.0150863707742629,0.0161394424992143,0.0334936945500633,0.256875675719254,0.161701429180606,0.00469001054664619,2.55827839492063e-06,0,0
"48",0.0161512594608786,0.0153630100451031,0.0139497825499958,0.0123548534708104,0.0111306252669028,0.0112468338951592,0.0110627342134392,0.0111803793356102,0.00758931846472638,0.00509228170908259,0.00455180235883123,0.00391327534683152,0.00409772119479415,0.00371043330359262,0.00377801268485543,0.00841879274738419,0.0640988575719051,0.0411988910490882,0.001255447156247,6.39569598730159e-07,0,0
"49",0.0246728343683768,0.02308762043397,0.0209571206581786,0.0183347240461101,0.0172163240784709,0.0165254637580903,0.0166539124196848,0.016553900395609,0.0117276904968472,0.00780062176188827,0.00666624635582592,0.00569624720593559,0.00554305198014368,0.00621444001553017,0.00612784237161872,0.0130828078216857,0.0969572009416914,0.0620736337338226,0.00175243115895404,9.59354398095238e-07,0,0
"50",0.0814955663450127,0.0753359230955137,0.0693426329384466,0.061809498363584,0.0584444887157633,0.0567254545013987,0.0549477852690243,0.056108448077934,0.0386325299911206,0.0257044757321773,0.0214791681894435,0.0189406247194859,0.0184013597711816,0.0191901292778608,0.0197861589708887,0.042440869081224,0.320040829421473,0.20033977011607,0.0056756296745552,3.19784799365079e-06,0,0
"51",0.00840403710584654,0.00751303059266591,0.00696305294997271,0.00627402178787557,0.00587312545978764,0.00567300162241228,0.00532977029612907,0.00542667074065895,0.00407256163149785,0.00272960665173114,0.00206396166073121,0.00187818834305581,0.00178081964480481,0.00204405276573157,0.00200572907306667,0.00445156316294274,0.0318976853552,0.0199438701505317,0.000547639392067067,3.19784799365079e-07,0,0
"52",0.073963466213273,0.0676008596036942,0.0620761664267854,0.0553981431382447,0.0525403451710165,0.0508366427419368,0.050063223158425,0.050493306727173,0.0349324635154703,0.0228510316872975,0.0193661264050985,0.0171035643017016,0.0161735814010736,0.0174085714075417,0.0176309148649556,0.0384354146556682,0.29070285401103,0.182085281046929,0.00525393815710031,2.87806319428571e-06,0,0
"53",0.0571945232821562,0.0523314450961642,0.0488439601526652,0.0444466224256075,0.040679046954214,0.0392421935121431,0.0385591997512593,0.038869744719527,0.0279742064058032,0.0181549889322619,0.0154811635746426,0.0133165652255056,0.013093907845869,0.0131280238517324,0.0131286061364625,0.0300734046255078,0.225941458718833,0.142687471720741,0.00419762584384213,2.23849359555556e-06,0,0
"54",0.0653199795351821,0.0589725875742411,0.0556337788234475,0.0495179712682118,0.0462643169652562,0.0445951193498017,0.043676027630628,0.0451116132777599,0.0308832340698484,0.0208099466929696,0.0173352785795684,0.015757521498646,0.0147301863544106,0.0149616294283592,0.0151500310712077,0.0340468669218787,0.258138745222833,0.162493609863569,0.00477490965115687,2.55827839492063e-06,0,0
"55",0.0819237739861386,0.0761753000981902,0.0681046566751167,0.0621696172586366,0.0571903362533231,0.0568954576970242,0.0558281955470512,0.055222867018239,0.0387690093120217,0.0254949274984282,0.0218434140909316,0.0196740731676603,0.018826294769848,0.0195511448453476,0.0193696375495116,0.0427519079815808,0.321406445947519,0.203154052798124,0.00603505918567244,3.19784799365079e-06,0,0
"56",0.015932516564429,0.0153243800244463,0.0140754843156846,0.0124091341027917,0.0117720387981133,0.0111322274079526,0.0112251671494004,0.0108785003524476,0.00819006786375962,0.00483739169015236,0.00444792041903335,0.00369639476781969,0.00377835331750714,0.0039424759898348,0.00383076454758457,0.00845053975627791,0.0648215971972277,0.0398835363290721,0.0011314573046166,6.39569598730159e-07,0,0
"57",0.00813616610175734,0.00723236916594116,0.00686602839259807,0.00604478450009742,0.0058678302173093,0.00574474976987237,0.00570653104803791,0.00552801388189407,0.00380443775197842,0.00245004607457594,0.00246689742952873,0.001783551668296,0.00193525405081977,0.00202282509304115,0.00209148475688577,0.00449194524235537,0.0320679726460078,0.0204014647179987,0.000566387332469322,3.19784799365079e-07,0,0
"58",0.0576580553279728,0.0524442809285581,0.0491319557284065,0.0437113551568344,0.0412811236529123,0.0398986769040759,0.0383016903952989,0.0395840288923339,0.0272148548040013,0.0184890540977519,0.0151241470839593,0.0135721849396389,0.0125746632486582,0.0140917011593099,0.0140012128584582,0.029192988264822,0.225317433429352,0.141674933778729,0.00416590791757508,2.23849359555556e-06,0,0
"59",0.00793163818594737,0.00754073985720678,0.0072096087587903,0.00648317407816841,0.00570446820880333,0.00561269275096378,0.00522292753765598,0.0055810196228316,0.0038692492388243,0.00256445528572678,0.00216706143713252,0.00195545422097098,0.00179000686128027,0.00191059377268198,0.00179645660444995,0.00426377333739759,0.0327207247951006,0.0207294477545603,0.0005595329673186,3.19784799365079e-07,0,0
"60",0.057173141033708,0.0529642837558025,0.0482159906224253,0.0436210813176652,0.0410459603156816,0.038761609425513,0.0378967031819201,0.0390442175182977,0.0271431200939408,0.0177162582446977,0.014546784064683,0.0137963475799009,0.0130606553627341,0.0133925599501776,0.0138613968931335,0.0297434064095409,0.225106460129657,0.142573987587914,0.00406276079910092,2.23849359555556e-06,0,0
"61",0.0245991603622934,0.0225709804742647,0.0206127960471199,0.0189408657965974,0.017628972626905,0.016666893738489,0.0167894065546489,0.017151322718667,0.0114991438126966,0.0083134733819266,0.00667108601014094,0.00603411220729415,0.00584174835731061,0.00590522443663595,0.00579292605352606,0.0130371197049643,0.0968936110389787,0.0608891615907036,0.00169669421713954,9.59354398095238e-07,0,0
"62",0.00820315872986412,0.00733550333364085,0.00697751146673641,0.00627574813193987,0.00567738922379435,0.00579319165704244,0.00513870315327365,0.00560926036988347,0.00378707748410219,0.00259864958207164,0.00214049096411667,0.00190161684430234,0.00178185193297346,0.00192386491419548,0.00188944797545755,0.00434533858319545,0.0324115706608597,0.0207562484880956,0.000587474455322116,3.19784799365079e-07,0,0
"63",0.0240923356165879,0.0224509586824444,0.0210090797730325,0.0191919121324963,0.0180981909168788,0.0162623568603911,0.0168274329536734,0.01676092898278,0.011712800623617,0.00795533579307715,0.00671372838629523,0.00584923223031344,0.00568413261064899,0.00577462088016413,0.0059659924522971,0.0124132712445327,0.0963258833738057,0.0603482860945282,0.00168985356489856,9.59354398095238e-07,0,0
"64",0.0493625715941544,0.0447462372123614,0.0423496996117472,0.0377673396577812,0.0352080302853024,0.0333354100565564,0.0337139981023216,0.0339195390729203,0.0228763360197639,0.0151647915684183,0.0131172327376673,0.0116921912880332,0.0109479856745302,0.0112512105344409,0.0117855288703353,0.0257923639732622,0.191843205600896,0.122765843614568,0.0035009072061146,1.91870879619048e-06,0,0
"65",0.0828148852772098,0.0734740472430225,0.0682664888458668,0.0634271054749779,0.0580049654088021,0.056781174656891,0.0554294846292205,0.0550530264207325,0.038394759182402,0.0260375429562993,0.0216887921224667,0.0193093081885373,0.0186675952300662,0.0196822695138215,0.0193510015886288,0.0428488734905912,0.321083479933922,0.20225610869448,0.00573179395319853,3.19784799365079e-06,0,0
"66",0.0165684834649686,0.0148357998989,0.0138992321349717,0.0127667117061959,0.0116991367384639,0.011471340320195,0.0111309869403134,0.011416751669409,0.00790967395261525,0.00526842917816885,0.00438616929858008,0.00408108116437548,0.00370075241688381,0.00409294819036996,0.00419386833718186,0.00850850751996854,0.0645376281220511,0.0410461409800243,0.00121223930666337,6.39569598730159e-07,0,0
"67",0.00786163420288953,0.00767585360021388,0.00670738777400052,0.00607804642085205,0.005701074957027,0.00554644987590658,0.00548517267292377,0.00534881988369296,0.00388860716129352,0.00262163304336509,0.00212312289000215,0.0019644370149375,0.00195367285254012,0.00187573049794272,0.00196446108901866,0.004274775836195,0.0314480528866974,0.0204139520051532,0.000574362133745111,3.19784799365079e-07,0,0
"68",0.0740328084105975,0.0681721528153158,0.061699805260006,0.0576517895117799,0.0518150556520025,0.0514727001499268,0.0494097784221478,0.0492820963750452,0.0352177836821368,0.0235957149097574,0.0195770276043137,0.0175765096542238,0.0171785714012038,0.0170587427387964,0.0178733529998019,0.0383699037869632,0.290342396143898,0.182145855197235,0.00524150667242521,2.87806319428571e-06,0,0
"69",0.024562893839466,0.0227761654123661,0.0209915038343537,0.0187356583943341,0.0171323157969562,0.0169736563078295,0.0169936946091482,0.0165372654179086,0.0117026806707071,0.0077452968152202,0.00650942654332876,0.0055653873146338,0.00541375314722517,0.00589116529211576,0.00584994297322495,0.0128608486544425,0.0967187147641242,0.0601110743700932,0.00175602460606437,9.59354398095238e-07,0,0
"70",0.0399047786010078,0.0377809508843254,0.0339203003659031,0.0307395332369282,0.0293744076841997,0.0284296446941556,0.0276740028455847,0.0278012915821139,0.0190785519890411,0.0130334852254894,0.0114044880785396,0.00985500883732724,0.00924147942141624,0.00961078528640068,0.0100538279030128,0.0202883977198692,0.160383668084836,0.101930596282529,0.00292138511023273,1.5989239968254e-06,0,0
"71",0.0332663486911527,0.0296314780762792,0.028751235474392,0.0253557272761472,0.0230636770358986,0.0231931519553282,0.0222481597734893,0.0218580122317848,0.0158122301990209,0.0100287249980675,0.00829351046973085,0.00795286997078199,0.00719332619541902,0.00726671292539334,0.00810084557184736,0.0163788487161378,0.129539238245268,0.0813012479301061,0.00226755980569767,1.27913919746032e-06,0,0
"72",0.0821575644139297,0.0753704628243378,0.0696014198199398,0.0640037597344807,0.0579130629700067,0.0553628945468171,0.0552391066602864,0.0558778142367285,0.0391883008886141,0.0256575614663594,0.0215646927465945,0.0194418729896452,0.0187605228068077,0.0192083312082081,0.0197544446252738,0.0435031777435752,0.319894691796197,0.201073538257813,0.00583309074572653,3.19784799365079e-06,0,0
"73",0.0163417462088725,0.0153144340761927,0.0137428323488921,0.0120660580950949,0.0113944101634711,0.0115893822522316,0.0111561983598833,0.0108738009483824,0.00790799717458313,0.00489329975460026,0.00414548726376693,0.00373128486440649,0.00397456097875652,0.00395641654078289,0.00390145629469084,0.00830022408262936,0.0643118657275772,0.0408283220398394,0.00114668812256565,6.39569598730159e-07,0,0
"74",0.0655287055585905,0.0594557903537578,0.0549181895308721,0.0505224360970747,0.0472918904663681,0.0447041183332799,0.0447790359689421,0.0448390550927454,0.0317307096755053,0.0209634051855292,0.016753204211749,0.0161236399398465,0.0151720777877661,0.0152096450042634,0.0158106314532278,0.0346101459333375,0.256621386242898,0.16347129874344,0.00431092099818319,2.55827839492063e-06,0,0
"75",0.0653661653113033,0.0605110320541955,0.0560303200031187,0.0493594804235475,0.0470072247408344,0.0450382233177678,0.0445636658995177,0.0434081406373975,0.0308602729887752,0.0206990105459338,0.017092479739764,0.0154041527218151,0.014968204428309,0.0154212104137098,0.0159275057696195,0.0343695779125233,0.256279669045295,0.160301121680709,0.00456454704676106,2.55827839492063e-06,0,0
"76",0.0484045826522231,0.0455735102755287,0.0409167617910032,0.0371766898521021,0.0356418959356358,0.0335554250570961,0.033784042424801,0.0330274863502979,0.0234301516301765,0.0158906304351605,0.0137639225171052,0.0117697301690818,0.011480411980452,0.0112727220272284,0.0117501666713063,0.0254073693960503,0.19444066277101,0.12114393758483,0.00342554323220148,1.91870879619048e-06,0,0
"77",0.041273280929744,0.0372357376993256,0.0347442048807456,0.0310813857134753,0.0288361023838111,0.0284787598590183,0.0277607452594723,0.027934715891896,0.0191633949061146,0.0131630877663748,0.0110159525500005,0.0100368105935416,0.00910345296448661,0.00946273048875973,0.00976466041716813,0.0213026682636548,0.161570320145765,0.102165692831195,0.00284536760548226,1.5989239968254e-06,0,0
"78",0.0323086434105732,0.0299461996602105,0.027815620726028,0.0256067919251303,0.0229843918993985,0.0224952056680415,0.0215342741176352,0.0224171289783648,0.0158058335369486,0.0105205378735385,0.00839506760009041,0.00761139867535547,0.00758585723200379,0.00751199021439677,0.00798965739568236,0.0171826455075197,0.128696733956222,0.0802514474576892,0.00228940409749588,1.27913919746032e-06,0,0
"79",0.0405068608136926,0.0372794717187266,0.0349336396756571,0.0304635981425622,0.0289685448182379,0.0283110594249573,0.0274878891922487,0.0272973054417691,0.0189679644322827,0.0130921343347552,0.0107311938389494,0.00991235662529864,0.00936854481734735,0.00969420622984226,0.00996189042270623,0.0213875615864319,0.163471975189986,0.101006346117588,0.00292396814039101,1.5989239968254e-06,0,0
"80",0.0402372101881153,0.0375920592259392,0.0350771413994921,0.0312224827150905,0.0291190870614623,0.0281108344663124,0.0267287834650032,0.0277176499344384,0.019378591262641,0.0130131036487314,0.0108025119853973,0.00979746307389736,0.00943280224166368,0.00917044984186288,0.00988122991035301,0.0210953272727397,0.162371767530401,0.100839303040997,0.00314324963247157,1.5989239968254e-06,0,0
"81",0.0801035346895212,0.0751989127390813,0.0680808652374493,0.0621087999332569,0.0589668260681371,0.0564819424402554,0.0537594770672018,0.0555454679438949,0.039479212772519,0.0258481635906356,0.0221166736228348,0.0192440139983488,0.0186146797636315,0.0194664809250998,0.0192506784412366,0.0424867342821915,0.323228190511238,0.203373923855836,0.00562832333233846,3.19784799365079e-06,0,0
"82",0.0490293496813981,0.0449505093157551,0.0410673327818826,0.0369458830390003,0.0353949665465549,0.0341347050456909,0.0335576301908685,0.0331744399328963,0.0228229002200136,0.0155023935414033,0.0131016918880582,0.0113470702121904,0.0109596459882014,0.0116629466752857,0.0118260855262251,0.0251818694792916,0.194301508277714,0.120600550179185,0.00373867875660272,1.91870879619048e-06,0,0
"83",0.0733914909449419,0.0691482807502343,0.0620317556132888,0.0571129426210651,0.0518027313637218,0.0508358956549258,0.0492375967690037,0.0489454190164759,0.0349344681599677,0.0225193741029701,0.0198094056145342,0.017450815255476,0.0170715639707896,0.0173804846673745,0.0176483895516596,0.0382443280718535,0.28813793932559,0.181548627399176,0.00516182007995245,2.87806319428571e-06,0,0
"84",0.033008045373667,0.0299294283135248,0.0271925420661536,0.0251832538822278,0.0234959748396909,0.0221689915520244,0.0227009064474943,0.0227678346731361,0.0158227397785779,0.0100463023458993,0.00864323760374092,0.00769299246866299,0.00727692052775336,0.00794861818938698,0.00778317021260725,0.0169646074837901,0.128483131214291,0.0808176608846176,0.00255725127054138,1.27913919746032e-06,0,0
"85",0.0485512653315668,0.0447581897923124,0.0417411181165607,0.0376555656732162,0.0347558627251963,0.0339091297973074,0.0336056737835025,0.0334267471078787,0.0230905737470228,0.015154955332276,0.0126071317087608,0.0117772669616524,0.0113744776429056,0.0116177988413028,0.0119276260084048,0.0259717603702073,0.192447864167435,0.12132278850649,0.00363010176517579,1.91870879619048e-06,0,0
"86",0.0243816037092086,0.0232543854335698,0.0210042945734635,0.0186688981677443,0.0180275659226221,0.0161267341466002,0.0160592088622166,0.0162703389538049,0.011806170232761,0.00759075803675448,0.00679273762011143,0.00596038202363274,0.00546210931793363,0.00603902566028797,0.00605996806359541,0.0130410152673554,0.096201906582,0.0614072806540904,0.00177761742571029,9.59354398095238e-07,0,0
"87",0.0569916179660045,0.052850582055069,0.0482139321691109,0.0445387755216464,0.0412698430014961,0.0393467022201994,0.0382540398372454,0.0392175269455031,0.0269274936928957,0.0188055486740042,0.0152707843206139,0.0139310743064668,0.0129325270836014,0.0133708672781881,0.0138323644776722,0.0296795933424665,0.22391202498995,0.141582365719999,0.0042176335871008,2.23849359555556e-06,0,0
"88",0.0829406494211433,0.075564372324228,0.069292348362622,0.0627199982446399,0.0594463363160875,0.0561247514802641,0.0543092914093995,0.0555455376654054,0.0383050764762944,0.0257692538471918,0.0214016622499987,0.0195899158191388,0.0188115612646565,0.0192078223853167,0.0196042445768289,0.0429057834266097,0.322488447208616,0.201824507502483,0.00588011811991022,3.19784799365079e-06,0,0
"89",0.0572295954427495,0.0523627619440701,0.0476075493963829,0.0444768263039504,0.0410734036311984,0.0382232695809685,0.0384221288890432,0.0389720462454967,0.0272903521033799,0.0179939145082083,0.0154574654729078,0.0136897890783547,0.0127529818533002,0.0129326933464519,0.0137031921532983,0.030659811264451,0.225665711633885,0.142011352518092,0.00381220081817623,2.23849359555556e-06,0,0
"90",0.0490948943334817,0.0450570409347477,0.0415411124186605,0.0371444166928297,0.0357010715475829,0.0341762911744483,0.0329764977537736,0.0329620778067762,0.023828529770204,0.0160088229080535,0.0127429454203697,0.0118287787011113,0.0110390817040415,0.011194707000188,0.0118959162434595,0.025936953780636,0.192659288107512,0.121065000197822,0.00374962474721995,1.91870879619048e-06,0,0
"91",0.0819632763163784,0.0762345497504768,0.0680545415000686,0.0626495732764601,0.0583513815688399,0.055446983686935,0.055787532559,0.0557479578867961,0.0389400996718464,0.0248675529442082,0.0218500492470377,0.0196892791223507,0.0188107402267241,0.0191156134511095,0.0199653091283854,0.0425296950198823,0.321530459778912,0.203470090989425,0.00577032293276318,3.19784799365079e-06,0,0
"92",0.0654463117067803,0.0600604352052116,0.0556604313317361,0.0500796792832561,0.0467291224583876,0.0445229859849916,0.0442625321060064,0.0439019127517842,0.0306737275760271,0.020677740220855,0.0176386556358151,0.0149538411017062,0.0148420357479846,0.0152101024300723,0.0151968369487208,0.0349769314392425,0.259220663087327,0.161173142047758,0.00464078464407687,2.55827839492063e-06,0,0
"93",0.0497817807838969,0.0447254127400641,0.0410121099670615,0.0370071720213144,0.0358736217212554,0.0340870809786166,0.0334496828846609,0.0335979019285084,0.0237290129437803,0.0155441373183072,0.0129613205992502,0.011644463709238,0.0113374319769137,0.0115798327004614,0.0116925962952198,0.0255863866707548,0.193007509504338,0.121161704278585,0.00329822166750398,1.91870879619048e-06,0,0
"94",0.0399623517595007,0.0379821547514217,0.034517403568968,0.0313803407994571,0.0293502723932231,0.028082836476636,0.0279616655786531,0.0277549621852864,0.0196868970252699,0.0126663548965018,0.0107929156966715,0.00965256160489551,0.0096038728864279,0.00936843689996543,0.00974709600121039,0.0216237941796814,0.158573004146822,0.100472147798598,0.00273201262625634,1.5989239968254e-06,0,0
"95",0.0488582876273275,0.0451081943554685,0.0414218080130744,0.0365003811034002,0.0347261475811064,0.0333917598533261,0.0333367519701461,0.033301438358226,0.0236982306928936,0.0150514708691845,0.0131854318599463,0.0118197779616728,0.0108446930352929,0.0115473602317402,0.0114769125066619,0.0255153241481716,0.19127750610119,0.120950540682952,0.00316353271985464,1.91870879619048e-06,0,0
"96",0.0815713502924108,0.0758940717591992,0.0677021815505514,0.0636220694384223,0.0583063256089223,0.0571715786074671,0.0548381137275796,0.0552723060554485,0.0392042645717206,0.0260399142121096,0.0222945088329319,0.0194789962817736,0.0187366907750828,0.0192080203462229,0.0195603324335586,0.0429603972556206,0.321247963100359,0.203233159082026,0.00597629706203165,3.19784799365079e-06,0,0
"97",0.0733657793300472,0.0669255370303687,0.0626007342395195,0.0558912328975143,0.0528598880615982,0.0510416242475106,0.0498661126036493,0.0501558435526999,0.0350366474242706,0.0236650304842661,0.02018643474374,0.0174796476089081,0.0169646294917671,0.0172576663967556,0.0174214423396035,0.0379959861308282,0.290370358362893,0.182901254598735,0.00513119624301417,2.87806319428571e-06,0,0
"98",0.0413650080566863,0.0374410994148067,0.0348505922219453,0.0315460282661946,0.0292820825016327,0.0281985958173227,0.027600049142673,0.0275068279282949,0.0196422809781232,0.0128062887392921,0.0107897982096726,0.00977377979472488,0.00931060424718539,0.00942165674467533,0.00971191388851875,0.0215414576524963,0.161275351925891,0.1014570864825,0.00295962524655253,1.5989239968254e-06,0,0
"99",0.0575700276681297,0.0528602496619996,0.048140277138986,0.0440434750496379,0.0408412650438169,0.0399058466100752,0.0383523978945377,0.0375736123847509,0.0265699995119768,0.0182593570400982,0.0149182922388521,0.013765904467338,0.0128775735722871,0.0130839030618401,0.013758673976547,0.0298566673755299,0.22487332604753,0.141581943721051,0.00394553978281516,2.23849359555556e-06,0,0
"100",0.0648031975224781,0.0602059069491495,0.0546376917608691,0.0503951668427248,0.0472669146957701,0.0445312895465848,0.0444288474399777,0.0441299218201519,0.0315187358386937,0.0206320348060547,0.0168108302955317,0.0154511357039786,0.0148528188367205,0.014816180900654,0.0156823395685376,0.0344922492460792,0.255639190784653,0.16127916552698,0.00464507097443566,2.55827839492063e-06,0,0
